Category,Question,Answer_A,Answer_B,Answer_C,Answer_D,Correct_Answer
KNOWLEDGE,The success of AI applications should be judged by their contribution to human lives ensuring fairness transparency and trust.,What criteria should determine whether an AI system is successful in improving human well-being?,What legal definition governs AI ownership rights?,What algorithm measures AI accuracy in pattern recognition?,What industry first adopted large-scale neural networks?,What criteria should determine whether an AI system is successful in improving human well-being?
KNOWLEDGE,Misunderstanding AI's capabilities could lead to overly restrictive regulation that stifles innovation and shifts progress elsewhere.,What are the possible consequences of poorly informed AI regulation?,What are the costs of developing AI hardware?,What are the primary goals of AI education programs?,What are the ethical issues in digital copyright law?,What are the possible consequences of poorly informed AI regulation?
KNOWLEDGE,Equitable access to AI technologies is crucial to prevent widening social and economic inequality.,What policy focus can prevent AI from increasing inequality?,What programming language best supports fairness testing?,What neural architecture improves efficiency?,What company first commercialized AI cloud tools?,What policy focus can prevent AI from increasing inequality?
KNOWLEDGE,The deployment of self-driving cars demands ethical and legal evaluation of accountability safety and human risk decisions.,What ethical and legal questions must be resolved before self-driving cars are fully adopted?,What algorithms control lane-keeping performance?,What materials improve vehicle sensor durability?,What year did the first autonomous taxi operate commercially?,What ethical and legal questions must be resolved before self-driving cars are fully adopted?
KNOWLEDGE,Society must balance innovation in AI with mechanisms that safeguard democratic values such as freedom equality and transparency.,What guiding principle should balance AI innovation with democratic integrity?,What programming framework standardizes AI ethics modules?,What neural network layer improves interpretability?,What statistical model supports linear regression?,What guiding principle should balance AI innovation with democratic integrity?
KNOWLEDGE,The integration of AI in education must be critically assessed to ensure that it enhances learning without reinforcing existing biases.,What standards should guide the ethical use of AI in education to promote fairness and inclusivity?,What algorithms are used to automate grading?,What cloud services manage student data storage?,What programming tools are used for adaptive learning design?,What standards should guide the ethical use of AI in education to promote fairness and inclusivity?
KNOWLEDGE,Evaluating AI in healthcare requires assessing not only its diagnostic accuracy but also its impact on trust privacy and patient autonomy.,What ethical criteria should guide the evaluation of AI applications in healthcare?,What programming languages are best for clinical databases?,What wearable devices track health indicators?,What metrics measure algorithmic precision?,What ethical criteria should guide the evaluation of AI applications in healthcare?
KNOWLEDGE,AI's influence on employment must be evaluated based on whether it creates inclusive economic growth or exacerbates worker displacement.,What evaluation framework should policymakers use to assess AI's long-term impact on employment?,What industries benefit most from robotic automation?,What companies pioneered human–machine collaboration?,What job roles are most resistant to automation?,What evaluation framework should policymakers use to assess AI's long-term impact on employment?
KNOWLEDGE,Ethical AI deployment requires mechanisms for accountability so that systems can be audited for fairness explainability and responsibility.,What mechanisms should be in place to ensure accountability in AI systems?,What algorithms enhance image recognition performance?,What laws protect data in digital marketing?,What processes validate AI training datasets?,What mechanisms should be in place to ensure accountability in AI systems?
KNOWLEDGE,Evaluating AI's role in governance involves determining whether algorithmic decisions align with human rights and public trust.,What principles should guide the ethical use of AI in public decision-making?,What frameworks standardize AI code reviews?,What sectors use predictive analytics for budgeting?,What are the limitations of sentiment analysis?,What principles should guide the ethical use of AI in public decision-making?
COMPREHENSION,This 1956 workshop at Dartmouth officially launched the field of AI and introduced the term artificial intelligence.,How would you describe the origin of modern AI research?,How would you explain when AI became a recognized field?,How would you summarize what happened at the Dartmouth workshop?,How would you interpret the significance of 1956 for AI?,How would you describe the origin of modern AI research?
COMPREHENSION,These transportation changes will reshape urban life by 2030 including reduced car ownership longer commutes and new city designs.,How would you explain the impact of autonomous vehicles on city planning?,How would you describe how self-driving cars will change urban living?,How would you summarize the effects of AI transportation on cities?,How would you interpret why autonomous cars affect city organization?,How would you describe how self-driving cars will change urban living?
COMPREHENSION,This principle suggests AI systems should enhance human capabilities and interaction rather than simply replacing human workers.,How would you explain the goal of human-AI collaboration?,How would you describe the philosophy behind AI augmentation?,How would you summarize why AI should complement humans?,How would you interpret the ethical approach to AI deployment?,How would you explain the goal of human-AI collaboration?
COMPREHENSION,These three factors large data sets cloud computing and deep learning have driven AI's dramatic progress since 2000.,How would you explain the key drivers of modern AI success?,How would you summarize the technological foundations of current AI?,How would you interpret why AI advanced rapidly after 2000?,How would you describe what enabled recent AI breakthroughs?,How would you explain the key drivers of modern AI success?
COMPREHENSION,This form of machine learning uses layered neural networks to achieve human-level performance in tasks like image recognition and speech understanding.,How would you describe the technique behind modern AI perception?,How would you explain what makes deep learning different?,How would you summarize how neural networks improve AI capabilities?,How would you interpret the role of layers in learning systems?,How would you describe the technique behind modern AI perception?
COMPREHENSION,This sector-specific regulatory approach in the US means different agencies oversee AI in healthcare transportation and finance.,How would you explain the current structure of AI regulation?,How would you describe why AI isn't regulated uniformly?,How would you summarize the challenges of governing AI technologies?,How would you interpret the fragmented nature of AI oversight?,How would you explain the current structure of AI regulation?
COMPREHENSION,These AI applications in education intelligent tutors MOOCs and adaptive learning promise personalization at scale while still requiring human teachers.,How would you describe AI's role in modern education?,How would you explain the balance between AI and human teaching?,How would you summarize how technology enhances learning?,How would you interpret why teachers remain essential despite AI?,How would you describe AI's role in modern education?
COMPREHENSION,This economic concern suggests that as AI replaces human labor wealth may concentrate among owners of intellectual capital rather than workers.,How would you explain the distributional challenge of AI?,How would you describe why AI might increase inequality?,How would you summarize the employment effects of automation?,How would you interpret the social implications of AI-driven wealth?,How would you explain the distributional challenge of AI?
COMPREHENSION,These privacy and bias concerns arise when AI systems use personal data or reflect the prejudices embedded in their training datasets.,How would you describe the ethical risks of AI systems?,How would you explain why AI can perpetuate discrimination?,How would you summarize the fairness challenges in machine learning?,How would you interpret how bias enters AI algorithms?,How would you describe the ethical risks of AI systems?
COMPREHENSION,This healthcare barrier poor EHR interfaces regulatory obstacles and lack of data sharing has slowed AI's promised medical revolution.,How would you explain why AI adoption in healthcare lags?,How would you describe the structural problems limiting medical AI?,How would you summarize the challenges facing clinical AI systems?,How would you interpret why health technology hasn't met expectations?,How would you explain why AI adoption in healthcare lags?
APPLICATION,AI-based tutoring systems such as SHERLOCK and Duolingo can be applied to simulate human tutoring through adaptive feedback error correction and personalized learning paths.,How would you apply AI-driven Intelligent Tutoring Systems to improve student learning outcomes?,How would you apply collaborative AI systems to assist teams in decision-making?,How would you apply AI to improve emergency response systems?,How can you apply the concept of AI-driven optimization to explain how cities can improve transportation efficiency?,How would you apply AI-driven Intelligent Tutoring Systems to improve student learning outcomes?
APPLICATION,AI can be applied to predict and mitigate social problems like childhood lead poisoning or food distribution inefficiencies by using machine learning to analyze risk factors and allocate resources effectively.,How can you apply the concept of AI-driven optimization to explain how cities can improve transportation efficiency?,How would you apply AI-driven Intelligent Tutoring Systems to improve student learning outcomes?,How would you apply AI systems to address challenges in low-resource communities?,How would you apply AI to improve emergency response systems?,How would you apply AI systems to address challenges in low-resource communities?
APPLICATION,AI is used to personalize content recommendations on platforms like Netflix and YouTube compose music generate visual art and even create 3D scenes from text. These examples show how AI enables interactive and creative engagement.,What examples show how AI contributes to public safety and security?,What examples illustrate how AI is transforming entertainment and media?,What examples show AI being used to support healthcare professionals in diagnosis or treatment?,What examples illustrate AI applications in reducing crime and improving public safety?,What examples illustrate how AI is transforming entertainment and media?
APPLICATION,AI is applied in surveillance through smart cameras and drones predictive policing algorithms and fraud detection systems.,What examples show AI being used to support healthcare professionals in diagnosis or treatment?,What examples illustrate AI applications in reducing crime and improving public safety?,What examples illustrate how AI is transforming entertainment and media?,What examples show how AI contributes to public safety and security?,What examples show how AI contributes to public safety and security?
APPLICATION,AI systems in healthcare analyze medical data from EHRs and wearable devices to assist doctors in diagnosing diseases. This includes machine learning tools and AI-supported robots.,What examples show AI being used to support healthcare professionals in diagnosis or treatment?,What examples illustrate how AI is transforming entertainment and media?,What examples show how AI contributes to public safety and security?,What examples illustrate AI applications in reducing crime and improving public safety?,What examples show AI being used to support healthcare professionals in diagnosis or treatment?
APPLICATION,AI can be applied by having algorithms that minimizes bias and protects the data of the user. Developers can use transparency and accountability to prevent misuse of personal information.,How can you apply the concept of AI-driven optimization to explain how cities can improve transportation efficiency?,How can AI applications be implemented in ways that protect individual privacy while maintaining functionality?,How would you apply collaborative AI systems to assist teams in decision-making?,How would you apply AI to improve emergency response systems?,How can AI applications be implemented in ways that protect individual privacy while maintaining functionality?
APPLICATION,Cities can apply AI optimization methods to manage transportation systems by using sensors cameras and predictive algorithms.,How would you apply AI to improve emergency response systems?,How can AI applications be implemented in ways that protect individual privacy while maintaining functionality?,How can you apply the concept of AI-driven optimization to explain how cities can improve transportation efficiency?,How would you apply AI-driven Intelligent Tutoring Systems to improve student learning outcomes?,How can you apply the concept of AI-driven optimization to explain how cities can improve transportation efficiency?
APPLICATION,AI-driven surveillance systems predictive policing models and fraud detection algorithms are examples.,What examples illustrate AI applications in reducing crime and improving public safety?,What examples show AI being used to support healthcare professionals in diagnosis or treatment?,What examples illustrate how AI is transforming entertainment and media?,What examples show how AI contributes to public safety and security?,What examples illustrate AI applications in reducing crime and improving public safety?
APPLICATION,AI can support collaborative teams by aggregating data generating insights and simulating outcomes for group decisions.,How would you apply AI to improve emergency response systems?,How would you apply collaborative AI systems to assist teams in decision-making?,How can AI applications be implemented in ways that protect individual privacy while maintaining functionality?,How can you apply the concept of AI-driven optimization to explain how cities can improve transportation efficiency?,How would you apply collaborative AI systems to assist teams in decision-making?
APPLICATION,AI can analyze sensor and social media data to predict disasters locate victims and coordinate responders efficiently.,How would you apply AI to improve emergency response systems?,How can AI applications be implemented in ways that protect individual privacy while maintaining functionality?,How would you apply collaborative AI systems to assist teams in decision-making?,How can you apply the concept of AI-driven optimization to explain how cities can improve transportation efficiency?,How would you apply AI to improve emergency response systems?
ANALYSIS,The increasing adoption of autonomous vehicles will reshape travel behavior and overall city structure by reducing parking needs and altering residential patterns indicating a causal link between AI transportation and urban development.,What relationship does the report draw between autonomous vehicles and changes in residential distance from work?,What relationship does the report draw between autonomous vehicles and the invention of new energy sources?,What relationship does the report draw between autonomous vehicles and the elimination of public transportation?,What relationship does the report draw between autonomous vehicles and the decline of global trade?,What relationship does the report draw between autonomous vehicles and changes in residential distance from work?
ANALYSIS,Automated perception systems such as vision and radar contribute to increasingly autonomous driving showing how layered sensing technologies combine to support higher-level decision making.,How do perception technologies such as vision and radar support automated decision-making in autonomous cars?,How do perception technologies increase the entertainment value of car dashboards?,How do perception technologies cause vehicles to become more expensive to repair?,How do perception technologies reduce the need for safety regulation in transportation?,How do perception technologies such as vision and radar support automated decision-making in autonomous cars?
ANALYSIS,The report suggests a relationship between the adoption of shared autonomous vehicles and overall traffic volume identifying conditions under which total miles traveled may increase or decrease.,How might shared autonomous vehicle usage influence total miles traveled in cities?,How might shared autonomous vehicle usage eliminate the need for traffic laws?,How might shared autonomous vehicle usage prevent adoption of public transit?,How might shared autonomous vehicle usage reduce the need for railroad systems worldwide?,How might shared autonomous vehicle usage influence total miles traveled in cities?
ANALYSIS,Ethical concerns about self-driving vehicles shows how unavoidable crash scenarios require evaluation of competing harms illustrating the complexity of algorithmic moral decision making.,How do self-driving vehicles raise ethical questions in unavoidable crash scenarios?,How do self-driving vehicles eliminate ethical questions in transportation?,How do self-driving vehicles guarantee safety in all emergency situations?,How do self-driving vehicles decide how to improve radio connectivity?,How do self-driving vehicles raise ethical questions in unavoidable crash scenarios?
ANALYSIS,The report compares autonomous and semi-autonomous vehicles showing that over-reliance on automation may reduce the driver's attention and create new risks highlighting a trade-off between convenience and human readiness.,How does over-reliance on semi-autonomous systems affect human attention and safety?,How does over-reliance on semi-autonomous systems improve battery life in cars?,How does over-reliance on semi-autonomous systems eliminate maintenance needs in cars?,How does over-reliance on semi-autonomous systems determine fuel prices?,How does over-reliance on semi-autonomous systems affect human attention and safety?
ANALYSIS,Cities adopting sensing and optimization systems must evaluate trade-offs between efficiency gains and public privacy concerns demonstrating tension between technological capability and policy acceptance.,How does implementing sensing infrastructure in cities raise concerns about privacy despite efficiency benefits?,How does implementing sensing infrastructure guarantee total privacy for all road users?,How does implementing sensing infrastructure eliminate the need for government regulation?,How does implementing sensing infrastructure immediately solve congestion without trade-offs?,How does implementing sensing infrastructure in cities raise concerns about privacy despite efficiency benefits?
ANALYSIS,A comparison between static and dynamic pricing systems reveals that dynamic pricing may increase efficiency but could introduce fairness concerns particularly in high-demand transportation situations.,How does dynamic pricing balance efficiency gains with concerns about the fair distribution of transportation services?,How does dynamic pricing guarantee equal access to services for all citizens?,How does dynamic pricing eliminate market-driven cost variation?,How does dynamic pricing ensure lower-income riders always encounter reduced rates?,How does dynamic pricing balance efficiency gains with concerns about the fair distribution of transportation services?
ANALYSIS,Machine learning applied to traffic prediction shifts transportation planning from reactive to anticipatory models suggesting a causal relationship between predictive analytics and improved route management.,How does machine learning support a transition from reactive to predictive transportation planning?,How does machine learning guarantee that all roads become congestion-free?,How does machine learning require no data to predict traffic flow?,How does machine learning replace all human decision-making in infrastructure planning?,How does machine learning support a transition from reactive to predictive transportation planning?
ANALYSIS,Incorporating drones for package delivery introduces logistical advantages but also necessitates evaluating new safety rules and regulatory oversight linking technological opportunity with public safety risk assessment.,How does the introduction of delivery drones require new safety and regulatory frameworks to manage associated risks?,How does the introduction of delivery drones remove the need for legal oversight entirely?,How does the introduction of delivery drones increase roadway congestion significantly?,How does the introduction of delivery drones guarantee safer outcomes than all other delivery methods?,How does the introduction of delivery drones require new safety and regulatory frameworks to manage associated risks?
ANALYSIS,Semi-autonomous vehicles depend on human intervention during uncertain scenarios revealing an operational vulnerability when human attention declines because of automation.,How does reliance on semi-autonomous driving systems increase risk when humans become less attentive?,How does reliance on semi-autonomous driving systems guarantee continuous engagement by drivers?,How does reliance on semi-autonomous driving systems eliminate all emergency response requirements?,How does reliance on semi-autonomous driving systems ensure humans never intervene?,How does reliance on semi-autonomous driving systems increase risk when humans become less attentive?
SYNTHESIS,A comprehensive AI study framework integrates expert panels domain-specific analysis policy recommendations and societal impact assessments to project technology's influence on urban life by 2030.,How would you synthesize literature review statistical modeling case studies and expert interviews into a predictive methodology?,How would you combine technical feasibility economic viability ethical considerations and regulatory frameworks into an integrated assessment model?,How would you integrate domain expertise temporal analysis ethical evaluation and policy guidance into a structured study approach?,How would you merge quantitative data qualitative insights stakeholder perspectives and future scenarios into a holistic research design?,How would you integrate domain expertise temporal analysis ethical evaluation and policy guidance into a structured study approach?
SYNTHESIS,An effective AI healthcare system combines clinical decision support patient monitoring automated diagnostics data analytics and collaborative human-machine interaction to transform medical care delivery.,How would you synthesize electronic health records machine learning algorithms physician expertise regulatory compliance and patient privacy into a comprehensive medical AI platform?,How would you combine drug discovery surgical robotics telemedicine genome sequencing and preventive care into an integrated system?,How would you merge hospital operations medical imaging treatment planning outcome tracking and cost management into a unified framework?,How would you integrate diagnostic tools therapeutic interventions patient education insurance processing and facility management into a complete solution?,How would you synthesize electronic health records machine learning algorithms physician expertise regulatory compliance and patient privacy into a comprehensive medical AI platform?
SYNTHESIS,Future transportation systems will integrate autonomous vehicles traffic prediction infrastructure sensors route optimization and safety protocols to revolutionize urban mobility by 2030.,How would you combine GPS navigation fuel efficiency vehicle maintenance parking management and toll collection into a smart mobility solution?,How would you synthesize self-driving technology real-time traffic data V2V communication AI planning algorithms and regulatory frameworks into a comprehensive autonomous transportation ecosystem?,How would you merge public transit ride-sharing bike lanes pedestrian pathways and traffic signals into an integrated network?,How would you integrate vehicle manufacturing dealership networks insurance products financing options and customer service into a complete automotive system?,How would you synthesize self-driving technology real-time traffic data V2V communication AI planning algorithms and regulatory frameworks into a comprehensive autonomous transportation ecosystem?
SYNTHESIS,Effective AI policy requires synthesizing technical expertise ethical principles regulatory frameworks public engagement and enforcement mechanisms to ensure beneficial deployment across society.,How would you combine legislation drafting lobbying efforts political campaigns voting procedures and judicial review into a policy-making process?,How would you integrate government expertise in AI fairness research privacy protections transparency requirements and accountability measures into a comprehensive regulatory approach?,How would you merge international treaties trade agreements diplomatic relations cultural exchanges and peacekeeping operations into a global framework?,How would you synthesize tax policy monetary policy fiscal policy trade policy and labor policy into an economic strategy?,How would you integrate government expertise in AI fairness research privacy protections transparency requirements and accountability measures into a comprehensive regulatory approach?
SYNTHESIS,An advanced AI education system combines intelligent tutoring personalized learning paths automated assessment virtual reality environments and teacher collaboration tools to enhance learning at all levels.,How would you synthesize adaptive learning algorithms student performance data curriculum standards pedagogical research and classroom management into an effective educational AI platform?,How would you combine textbook publishing standardized testing school administration parent communication and extracurricular activities into an integrated system?,How would you merge lecture capture online forums video conferencing digital libraries and plagiarism detection into a learning management solution?,How would you integrate enrollment systems financial aid degree requirements academic advising and graduation ceremonies into a university framework?,How would you synthesize adaptive learning algorithms student performance data curriculum standards pedagogical research and classroom management into an effective educational AI platform?
SYNTHESIS,A comprehensive predictive policing system integrates crime data analysis pattern recognition resource allocation optimization community engagement and civil liberties protections to enhance public safety.,How would you combine police training equipment procurement station construction uniform design and badge manufacturing into a law enforcement program?,How would you synthesize machine learning algorithms historical crime patterns demographic data bias mitigation techniques and transparency mechanisms into an ethical predictive policing framework?,How would you merge emergency dispatch forensic analysis witness interviews evidence collection and court testimony into an investigation process?,How would you integrate surveillance cameras alarm systems security guards access controls and perimeter fencing into a facility protection plan?,How would you synthesize machine learning algorithms historical crime patterns demographic data bias mitigation techniques and transparency mechanisms into an ethical predictive policing framework?
SYNTHESIS,Future AI research must synthesize advances in deep learning reinforcement learning collaborative systems neuromorphic computing and human-aware design to create intelligent systems that work effectively with people.,How would you combine university departments research grants conference proceedings journal publications and citation metrics into an academic ecosystem?,How would you integrate algorithm innovation hardware optimization large-scale data processing human-computer interaction principles and ethical considerations into next-generation AI development?,How would you merge laboratory equipment experimental protocols peer review hypothesis testing and statistical analysis into a scientific method?,How would you synthesize patent applications technology transfer startup incubation venture capital and IPO processes into a commercialization pipeline?,How would you integrate algorithm innovation hardware optimization large-scale data processing human-computer interaction principles and ethical considerations into next-generation AI development?
SYNTHESIS,An effective strategy for low-resource communities combines predictive modeling for social services optimization algorithms for resource distribution network analysis for community engagement and machine learning for need assessment.,How would you synthesize data mining techniques government agency coordination community trust-building and targeted funding priorities into AI solutions that address social problems?,How would you combine charity fundraising volunteer recruitment donation processing nonprofit management and impact reporting into a social services model?,How would you merge affordable housing job training healthcare access food assistance and childcare into an anti-poverty program?,How would you integrate microfinance entrepreneurship education cooperative formation market access and skills development into an economic empowerment strategy?,How would you synthesize data mining techniques government agency coordination community trust-building and targeted funding priorities into AI solutions that address social problems?
SYNTHESIS,The successful deployment of autonomous vehicles requires integrating sensor technology machine learning perception real-time decision-making vehicle-to-vehicle communication and public trust-building mechanisms to transform urban transportation safely.,How would you combine engine design fuel systems transmission engineering chassis construction and aerodynamics testing into a vehicle development process?,How would you synthesize computer vision algorithms safety validation protocols regulatory compliance frameworks liability determination mechanisms and public education campaigns into a comprehensive self-driving car deployment strategy?,How would you merge traffic enforcement road maintenance signage installation lane marking and intersection design into a transportation infrastructure plan?,How would you integrate vehicle sales financing options warranty programs maintenance schedules and recall procedures into an automotive business model?,How would you synthesize computer vision algorithms safety validation protocols regulatory compliance frameworks liability determination mechanisms and public education campaigns into a comprehensive self-driving car deployment strategy?
SYNTHESIS,A robust AI governance framework must combine sector-specific regulation technical expertise development privacy protection standards transparency requirements and enforcement mechanisms to balance innovation with societal values.,How would you synthesize government AI expertise broad legal mandates meaningful transparency enforcement professional standards development and adaptive regulatory practices into an effective policy approach that encourages innovation while protecting democratic values?,How would you combine congressional hearings executive orders administrative rules judicial decisions and public comments into a standard rulemaking procedure?,How would you merge international cooperation diplomatic negotiations treaty ratification sanctions enforcement and multilateral agreements into a foreign policy strategy?,How would you integrate industry lobbying campaign contributions political action committees revolving door employment and grassroots mobilization into an advocacy campaign?,How would you synthesize government AI expertise broad legal mandates meaningful transparency enforcement professional standards development and adaptive regulatory practices into an effective policy approach that encourages innovation while protecting democratic values?
EVALUATION,Self-driving vehicles will be the first widespread AI technology to make autonomous life-and-death decisions in real environments. Because they directly affect safety privacy and legal accountability people's acceptance or rejection of autonomous cars will determine whether they trust AI systems in general.,Why will autonomous cars eliminate the need for traffic laws entirely?,Why is autonomous transportation considered the first real-world test of public trust in AI systems?,Why does automation in transportation matter more than data privacy?,Why should government regulators prioritize speed over safety in AI vehicles?,Why is autonomous transportation considered the first real-world test of public trust in AI systems?
EVALUATION,Current AI systems excel in narrow well-defined tasks—such as vision recognition or natural language processing—but they lack the general reasoning and adaptability of humans. The report explains that progress in AI comes from deep domain expertise and large data sets not from attempts to replicate human cognition.,Why should researchers stop developing AI altogether to avoid risk?,Why is it better to replicate human emotions instead of reasoning?,Why is focusing on specialized AI applications more practical than pursuing general human-like intelligence?,Why is AI generalization less important than human replacement?,Why is focusing on specialized AI applications more practical than pursuing general human-like intelligence?
EVALUATION,Deep learning enables AI systems to automatically learn patterns and make inferences from large volumes of data instead of relying on fixed hand-coded rules. This allows them to adapt and improve performance as more data become available.,Why are data-driven approaches like deep learning more effective than traditional rule-based AI?,Why should AI rely exclusively on manually coded rules for decision-making?,Why is reducing data collection the best way to make AI more intelligent?,Why is programming ethics more important than statistical learning?,Why are data-driven approaches like deep learning more effective than traditional rule-based AI?
EVALUATION,AI has immense potential to enhance diagnostics treatment planning and patient monitoring. However these systems depend on access to sensitive health data and must align with ethical medical practice. Trust and cooperation from both doctors and patients are crucial to ensure accurate data sharing transparency in recommendations and acceptance of AI's role in clinical decision-making.,Why should doctors be replaced entirely by diagnostic AI?,Why is collecting health data without consent acceptable for AI training?,Why must hospitals prioritize automation over patient care quality?,Why must AI in healthcare earn the trust and cooperation of patients and medical professionals?,Why must AI in healthcare earn the trust and cooperation of patients and medical professionals?
EVALUATION,AI-driven personalized learning systems can adapt content and pacing to each student's individual needs providing real-time feedback and targeted assistance. This customization improves engagement and learning efficiency while freeing teachers to focus on mentorship and higher-level instruction.,Why should AI decide national education curricula?,Why is personalization through AI critical for improving education outcomes?,Why does standardized learning outperform personalized methods?,Why should teachers no longer be needed once AI tutors exist?,Why is personalization through AI critical for improving education outcomes?
EVALUATION,AI can support social programs such as predictive health interventions or resource distribution but these applications rely on collecting personal and community data. Without transparency participation and demonstrated fairness low-resource communities may view AI systems as intrusive or biased.,Why should AI deployment ignore privacy concerns in poor areas?,Why do underprivileged communities not need AI systems at all?,Why is public trust essential for AI projects targeting low-resource communities?,Why is collecting personal data more important than community trust?,Why is public trust essential for AI projects targeting low-resource communities?
EVALUATION,AI-driven automation will increase productivity and economic efficiency but may also displace workers and concentrate wealth among technology owners. The report warns that without proactive policy responses—such as retraining programs and new labor models—AI could exacerbate inequality.,Why is economic inequality irrelevant to AI development?,Why should governments allow AI companies total control of the labor market?,Why does automation eliminate the need for human employment laws?,Why must society prepare new policies to ensure fair distribution of AI-created wealth?,Why must society prepare new policies to ensure fair distribution of AI-created wealth?
EVALUATION,The report argues that heavy-handed or fear-based restrictions could stifle innovation and limit AI's potential societal benefits. Instead policymakers should promote transparency accountability and continuous public dialogue. Adaptive governance—grounded in expertise and open evaluation—helps maintain both safety and innovation as AI evolves rapidly.,Why is informed flexible governance more effective than restrictive regulation for AI technologies?,Why should AI development remain completely unregulated?,Why must policymakers outlaw all AI research for public safety?,Why is restricting AI innovation the fastest path to progress?,Why is informed flexible governance more effective than restrictive regulation for AI technologies?
EVALUATION,Future AI success depends on systems that can interpret human behavior emotions and context. The report highlights human-aware AI as essential for safe and effective cooperation in workplaces homes and public services. By aligning AI with human goals and communication styles society ensures that machines act as trusted partners rather than unpredictable tools.,Why should AI systems ignore human feedback for faster results?,Why is it better for AI to operate independently without supervision?,Why must next-generation AI systems be designed to understand and collaborate with humans?,Why does machine autonomy guarantee moral decision-making?,Why must next-generation AI systems be designed to understand and collaborate with humans?
EVALUATION,The document emphasizes that AI should be judged by how it improves quality of life fairness and democracy not merely by technical sophistication. True progress occurs when AI promotes human welfare respects rights and supports societal values. Focusing only on computational ability risks creating powerful systems that harm or divide society.,Why should the ultimate measure of AI's progress be its social and ethical impact rather than its computational power?,Why should AI be judged only by how fast it processes data?,Why is financial return the only meaningful metric for AI success?,Why does ethical evaluation hinder technological progress?,Why should the ultimate measure of AI's progress be its social and ethical impact rather than its computational power?